theta,Am,am,Bm,bm,ray_length
1.875,1.28000e+00,1.9100,1.24000e-02,2.81000e-01,3.000
20.625,6.03000e-01,1.8300,6.66000e-03,2.53000e-02,2.000
43.125,1.83000e-01,2.0500,2.12000e-03,2.91000e-02,2.000
61.875,8.48000e-02,2.8500,9.54000e-04,2.44000e-02,2.000
88.125,1.58000e-02,3.7100,4.50000e-04,1.84000e-02,2.000
106.875,1.45000e-02,7.7100,3.33000e-04,1.85000e-02,1.000
