{
  "theta_edges": [
    0.0,
    22.5,
    45.0,
    67.5,
    90.0,
    112.5,
    135.0,
    157.5,
    180.0
  ],
  "r_edges_cm": [
    0.0,
    0.1,
    0.2,
    0.30000000000000004,
    0.4,
    0.5,
    0.6000000000000001,
    0.7000000000000001,
    0.8,
    0.9,
    1.0,
    1.1,
    1.2000000000000002,
    1.3,
    1.4000000000000001,
    1.5,
    1.6,
    1.7000000000000002,
    1.8,
    1.9000000000000001,
    2.0
  ],
  "energies_MeV": [
    1.0,
    2.0
  ],
  "normalization": "per_incident_energy_interacting_at_origin",
  "cumulative": true
}