{
  "energy_MeV": 0.8,
  "input_path": "/scratch/edk_work/inputs/E_0.800MeV/edknrc.egsinp",
  "theta_max_deg": 180.0,
  "ncones": 48,
  "r_edges_cm": [
    0.0,
    0.05,
    0.1,
    0.15000000000000002,
    0.2,
    0.25,
    0.30000000000000004,
    0.35000000000000003,
    0.4,
    0.45,
    0.5,
    0.55,
    0.6000000000000001,
    0.65,
    0.7000000000000001,
    0.75,
    0.8,
    0.8500000000000001,
    0.9,
    0.9500000000000001,
    1.0,
    1.05,
    1.1,
    1.1500000000000001,
    1.2000000000000002,
    1.25,
    1.3,
    1.35,
    1.4000000000000001,
    1.4500000000000002,
    1.5,
    1.55,
    1.6,
    1.6500000000000001,
    1.7000000000000002,
    1.75,
    1.8,
    1.85,
    1.9000000000000001,
    1.9500000000000002,
    2.0,
    2.1,
    2.2,
    2.3,
    2.4,
    2.5,
    2.6,
    2.7,
    2.8,
    2.9,
    3.0,
    3.1,
    3.2,
    3.3,
    3.4000000000000004,
    3.5,
    3.6,
    3.7,
    3.8,
    3.9000000000000004,
    4.0,
    4.1,
    4.2,
    4.300000000000001,
    4.4,
    4.5,
    4.6,
    4.7,
    4.800000000000001,
    4.9,
    5.0,
    5.25,
    5.5,
    5.75,
    6.0,
    6.25,
    6.5,
    6.75,
    7.0,
    7.25,
    7.5,
    7.75,
    8.0,
    8.25,
    8.5,
    8.75,
    9.0,
    9.25,
    9.5,
    9.75,
    10.0,
    10.25,
    10.5,
    10.75,
    11.0,
    11.25,
    11.5,
    11.75,
    12.0,
    12.25,
    12.5,
    12.75,
    13.0,
    13.25,
    13.5,
    13.75,
    14.0,
    14.25,
    14.5,
    14.75,
    15.0,
    15.25,
    15.5,
    15.75,
    16.0,
    16.25,
    16.5,
    16.75,
    17.0,
    17.25,
    17.5,
    17.75,
    18.0,
    18.25,
    18.5,
    18.75,
    19.0,
    19.25,
    19.5,
    19.75,
    20.0
  ]
}